2026-09-05,ebebead8c3fd84a8c292bfe48fce08925ca2fa41,98.29
2026-09-05,48f983ee8715304b27d0ac9791403c732261edf5,98.29
2026-09-05,11784f0360492cddbb8107932653ad6019edf1ab,98.29
2026-09-05,76aeb5a42e9b2205f729dbd36f11ed74e7033435,98.29
2026-09-05,26ed3fd0549813f901c7895476319020f73736a9,98.38
2026-09-05,ced2e38282eee9c088a9eb06b1acc1d217e851e3,98.38
2026-09-05,33673c9062200c8e0c7f7bd648353f77c3a4de98,98.38
2026-09-05,def10160cc57b539ddbe56289bbd5b73157f3798,98.38
2026-09-06,62ac8a50ac85f6c24f87edbdaeae708f83f50dd3,98.38
2026-09-06,6bacbae8e06d58dd22882cebd21f869cf88e659a,100.00
2026-09-06,ebc755068d861ee4b2aebd7b29bd333a69778a6f,100.00
2026-09-06,e9d14454dd3ef562b9c553c1dc583fc33b2b6459,100.00
2026-09-06,f15b68f1d5e3ea2ec53980cfd6191bf65b9657b4,100.00
2026-09-06,455bf4dd7cfb6ccda1868aa0d0fe307492f1ac23,100.00
2026-09-06,7e03131554176056e8cddc439b3dcd21b3d8eec5,100.00
2026-09-06,2adb16927c8335cc752d7996e0502918143a8b09,100.00
2026-09-06,8438895cc0c34d52257ae1dc7e5cb1d0da5a82c2,100.00
2026-09-07,114ed098153e1b9490544493dd209c9a13912de8,100.00
2026-09-07,de806d5b64fbdc2578d41ab12552285fa33f10ce,100.00
2026-09-07,f6751228b8d6c5e18ff241f6ad92559cb7af6490,100.00
2026-09-07,fa102c9b2e12ce037a0d28ae58892200fc970152,100.00
2026-09-07,0dd19fe358ab65f8ed417c2ea8b65bdecd088227,100.00
2026-09-08,60778018525a848783bcb8d7aeb171660fcfbde4,100.00
2026-09-08,41a08771033c8ba59c1362c7216fe01f8dcdd597,100.00
2026-09-08,fb6dfdb33f641e02b0c84c75254f53899e532115,100.00
2026-09-08,650b21489bdd86b222093e4838812b38ff2c71cf,100.00
2026-09-08,e57a0f83984be56a69d2783abb8678f8d04f9ff7,100.00
2026-09-08,1a4fc8e6e08dd41975eb6d6d193bbd4466fa1fe7,100.00
2026-09-08,601bbbc2c0f65e430e5e99de1682b42a959e40e6,100.00
2026-09-08,b93afd8f16962433db3acb094c5b01a55ac63bb8,100.00
2026-09-08,3da167d5ef5ed82ff52601c0712c91c03432ab1d,100.00
2026-09-08,80eefed052bd0ecc08c35aec65d5e6ea20f1be8b,100.00
2026-09-08,d23f58e4eae45261e202fa2bc656d5296f07aa4d,100.00
2026-09-09,7072f7279724bfcfa29865c6d504cae9700a4dc4,100.00
2026-09-09,a3e1fe079f0295801a39e51dae344ace3f7d40cf,100.00
2026-09-10,8f76669dba479805fc980ff4408e3743f144e2dd,100.00
2026-09-10,6f0dd13d63052be3efb33d216f9b70f468c69afa,100.00
2026-09-10,9cc5407a2b9d3cc64f0372a9b341ab1b9242d358,100.00
2026-09-11,8455b58b44348a2614a7e5fe2d8cbd2865ea4a91,100.00
2026-09-11,44cb36117c2d87094beb6f5f810c3c8dd4a5f65d,100.00
2026-09-12,24f29b06d20a88dfae55289cbe354fcd309ed321,100.00
2026-09-12,01045159dff695023986b947a7dcbb75074750a8,100.00
2026-09-12,06df7a8866da5eba4f9aa3056ba8f827dffd15e7,100.00
2026-09-13,65c60131ddee3f9f0fdfd45b4ed540dc579121e5,100.00
2026-09-13,6fe66197dd49d8aa5fccf6320f22f6f0529c63b9,100.00
2026-09-14,1c479df03d137a61158bff883a1b8b850f746120,100.00
2026-09-14,6953d45d5d5d78818909494e8652ee67ed9da175,100.00
2026-09-15,2378a1b247f01ee0a3c9fcf87f186d7917b43da4,100.00
2026-09-15,30cd52bd06767c2ffbe76cdb89ff5b40d0daf149,100.00
2026-09-15,0ff7fa5ad93e4a54120785d2d5fe3ad322bc7395,100.00
2026-09-15,b461f85b9a902a70b4eb0353bfefb0acda4bb399,100.00
2026-09-16,f63ad8ab2efcd2dc48b6064fc27b0071c10b3472,100.00
2026-09-16,abbb3a61a313e5636932735d3b83cef26154e9e0,100.00
2026-09-16,c26cc76451dbf2e7f3d8e88cb37f8441cdebb441,100.00
2026-09-17,d3b8e3c8748853e23d5301b13e4116ad4b1b0fff,100.00
2026-09-17,7d0938e60db9cd49f313ee05a657ae42da295941,100.00
2026-09-17,48846556a446eb1e93a30170cd590023b3463735,100.00
2026-09-17,d77221598dd2e5de25ce5b5fcc799ac9dfa33c2c,100.00
2026-09-18,e0f3795b01ee20c276466b1435270ba901b4e2c4,100.00
2026-09-18,00ff1e25799e739a594f584ce485d1b8f5659a7c,100.00
2026-09-18,635839129b06b5d50a8b60528102f30a305fe51a,100.00
2026-09-18,bfd370608578fc6882a0d7a5c769f522bc14c761,100.00
2026-09-19,388b95135fd0e9ef607381cc8d4635edc2f37cbf,100.00
2026-09-20,834cb0e8ce5e2567fc906a0421c5546a09ba889f,100.00
2026-09-20,f9952df4267234414792ea91f890585ffdf22a02,100.00
2026-09-20,e490de2649e58acaf25439aae73cb801c2a09b18,100.00
2026-09-20,34ed8fb658f63bc65dd9cf3341ef1872e578590c,100.00
2026-09-20,2bf088d0b9ad0514293cfa6851e158edb4cf8a0f,100.00
2026-09-20,38e13ded321df4572f931c199a8efae9e0f1cf59,100.00
2026-09-20,ddb01bbed0b03dcdbc7a1a7a04a82c43c8aa9cd5,100.00
2026-09-20,05115c098a9430a28347e628afc2ca53e1c915ed,100.00
2026-09-20,54cdbbcb560c85f5e22d788eb22756b3d89e0257,100.00
2026-09-20,37a2e334cc688087fdd470921e5c8d04b083554a,100.00
2026-09-20,a276a6e694a717bedbe37130dfd68daa3c9ccbdb,100.00
2026-09-20,abf7f13a39a4d6c914ff8afbc4e7fd84cd32a611,100.00
2026-09-20,25797eed5e2ef6012845d48d6a9aaf09bd1a14c3,100.00
2026-09-20,110bd30d3288a3d00904fcbce9f9df9801e2fd12,100.00
2026-09-21,f0971c2d648aacef4824c5b44ad8cc1b89d3c902,100.00
2026-09-21,c49370e35893535d2f6964ada233ca6c66da9cbd,100.00
2026-09-22,deb16105b8b134846a10483c26792d21a425d251,100.00
2026-09-22,fc53ced99a0933be82904692c5c655e992143475,100.00
2026-09-22,07f43a2db446f251af3c9a12e90efc8d83d597b0,100.00
2026-09-22,1ec13140e6a44c24533951f980fefdc84cd14750,100.00
2026-09-22,ef107a54bcb72e7c634442dca8b19e8c80fb53ad,100.00
2026-09-22,9d1709a12af91ba044af6c680705879c34148c1d,100.00
2026-09-22,18e83431646b4243f65c2e3435fa5d9c6e31b543,100.00
2026-09-23,f4796d8a110a44733c1103755d497e617131ca3c,100.00
2026-09-23,c78a6874229dd577bb44a095b74c7868512a3919,100.00
2026-09-24,4d3ee39a2d835f287c03d261ac856926cb6ff477,100.00
2026-09-24,bf38badecba1f41d448a3c2f8be5bde8203a3a97,100.00
2026-09-24,8a07128d2ac013a464f692c1b65b3795346e0fb8,100.00
2026-09-24,cbd642fe98052014399d402bd71cf829d4a50853,100.00
2026-09-24,214761d35b1c7669d929249158d08c1c9df0a253,100.00
2026-09-24,d59b34f2efb1113654497ae598b14173257a806e,100.00
2026-09-24,a16cf4325bbfb855f911de11072c5eb6fc99edae,100.00
2026-09-24,e6eae8e902b32a192bd7a2b2a034f1ebee3bd752,100.00
2026-09-24,9a5bf02c9b10fff67d780bf5684f49d55a8680cc,100.00
2026-09-24,d214674c513c146e95055b3f695d0cec61d82ab4,100.00
2026-09-24,7b0bbaee8e14b55635b7fdd204f133f3b78d5fc1,100.00
2026-09-25,168ca27081c4a9448cf1680cc824b3f7fa7edc42,100.00
2026-09-25,2c7e754a9980a91e2e3d5db78dee5717aa3ef405,100.00
2026-09-25,1dc57d564e446491cd0aec173fe7d125a90968ce,100.00
2026-09-26,9acbfee974ea67436b3ac749d0189a65eb9fe1e5,100.00
2026-09-26,751f5bc65a54b070fdab6b7905d63bf8245c4f0d,100.00
2026-09-26,910335d6fc5192f1eb5300974c28b99c5d24e495,100.00
2026-09-26,e4655e2b6150420ac130ea7d2895d7b5d27ec811,100.00
2026-09-26,c26e8603f1dcb38bcc3d7781ff605ff02bae26af,100.00
2026-09-26,6f04279e8df3a44463b76b382e79c9f38dae1b97,100.00
2026-09-26,23c8a76c5a7ecbe4288e4dfab092eccfe6535e9b,100.00
2026-09-27,adbca5ae0ab5966b50991310d0e306d8fbaab86e,100.00
2026-09-27,b4057bc26fbd07fe17331e2513e52981bf645bf0,100.00
2026-09-27,b341e1c3d0a565953093a9bd37c7df1884a92315,100.00
2026-09-27,1bf674af327d5f854d50262069075cf00642fdd7,100.00
2026-09-28,7bee7a14fd89a339bf310f0e0b54d206ccdd4249,100.00
2026-09-28,0d4604a9e66c623b77b1ed1ac2538c761a8ab805,100.00
2026-09-28,4690662ffba0c6fdce44e44a634c1a5e4d85dcc0,99.95
2026-09-28,cb284684d3651367738eef9362c58b784f613c3a,99.95
2026-09-28,03a123fdad5df1af6613381c20f5d1c355cf1f7d,99.95
2026-09-28,cbec5c90803ebba714c1c3e270c92e47a8b43233,99.95
2026-09-28,7b93bf918bf65e8843898907a1049b135184ff2c,99.95
2026-09-28,bbbb676f3eeae9529231426a3d19d905e6a87017,99.95
2026-09-28,e1802e73de0a98e07d5f4b540f92b6cfa59c797b,99.95
2026-09-28,9ea2781e63e169b0776762e1fe571e9a4423f051,99.95
2026-09-29,82803838cc2a93809f5e50970a8fcc9ffbb52dca,99.95
2026-09-29,2f674c6a1f36851ace0ed9ad8837500e2d2c698d,99.95
2026-09-29,ff4ef88d1420910f4aad7d3e849314a797d0187f,99.95
2026-09-29,ae9142b174d72866b9d3378d1efefecf13f6e38b,99.95
2026-09-29,a62dc2748b034cc125ca7d6e8b49c379fba37f70,99.95
2026-09-29,fe1e3cbe75b5d4f1aee4485511dbdeb209f74db8,99.95
2026-09-29,81d4130799152e4ed4310598c41bb2afbbe65aa7,99.95
2026-09-30,79f3cca7c35cdb110746b905f13163b91f3faa9f,99.95
2026-09-30,db64b335487b8cd9731837a3927c5c05f3859f94,99.95
2026-09-30,5dc6aee9032932c2c7d357ba6541c7d508005303,99.95
2026-10-01,41f2fc73da2174398e7458272ad47e0df803954a,99.95
2026-10-01,2ce18e950d8665d23b210f2730a2be198de6a790,99.95
2026-10-01,6ee9c473ef9ebc0542d8111751fbbbdc1248e312,99.95
2026-10-01,d27bc4229bc9a2e3e8905882275fc9d7d21e8f76,99.95
2026-10-01,08af2cc33006c840755ede64d39c101b08976f85,99.95
2026-10-03,7a95915ddb2774d3ff03fc6d267614e8183671cf,99.95
2026-10-03,e962a04ea5fe45dad6af2bb3825bb4bd27d68270,99.95
2026-10-03,b5e6c050e11972b72521e809685e62cf42237c0c,99.95
2026-10-04,2a8dfacfe18fd083647b970ca0310e8e64985d19,99.95
2026-10-04,252fb7418299bbaadb26f7a7ca58ec2ae56d0ed4,99.95
2026-10-04,b2b4339267287c7dba2957ae5c616e11961f70c7,99.95
2026-10-04,d19324e0d459b1722586274eeb2d1a8005da56bb,99.95
2026-10-04,6969cf544f94d0f553faa4e9804f2d39e60a3606,99.95
2026-10-04,352f3930323c37a3a420f5b3c913d9fe228be7ec,99.95
2026-10-04,e6062011566357d5958e5dc3b1cd11f3968a0d98,99.95
2026-10-04,de09587684c718edc3caf0918cf89db4bac771f2,99.95
2026-10-04,f815320c6a83c00ac7f8fc681d935aec1175d752,99.95
2026-10-05,395fabae39357698fe99e5d8c65b8c9680a2cdd5,99.95
2026-10-05,5148cfa4913c35c19b628b3cdb552bca0869d79f,99.95
2026-10-06,c6806829e9108bd9fcfd9acf4f3ef02e3450973f,99.95
